,seqnames,start,end,width,strand,gene_id,gene_name
174376,chrII,8590122,8591121,1000,+,174376,aptf-4
185047,chrII,8593298,8594297,1000,+,185047,aptf-3
187043,chrII,6453942,6454941,1000,+,187043,aptf-1
190458,chrIV,13415931,13416930,1000,-,190458,aptf-2
188793,chrI,9999919,10000918,1000,-,188793,cfi-1
177985,chrIV,10919086,10920085,1000,+,177985,rbr-2
173147,chrI,12772651,12773650,1000,+,173147,B0019.2
175858,chrIII,6079525,6080524,1000,+,175858,attf-4
177706,chrIV,8893093,8894092,1000,+,177706,rad-26
181312,chrX,11222583,11223582,1000,-,181312,C34F6.9
181520,chrX,14101290,14102289,1000,+,181520,F16B12.6
175098,chrII,14389644,14390643,1000,+,175098,nurf-1
3565014,chrX,787481,788480,1000,+,3565014,attf-5
173659,chrII,3118348,3119347,1000,+,173659,T10D4.6
176802,chrIII,13642938,13643937,1000,+,176802,set-16
176303,chrIII,9239343,9240342,1000,+,176303,saeg-2
176734,chrIII,13169411,13170410,1000,-,176734,snpc-1.2
177196,chrIV,4306939,4307938,1000,+,177196,set-9
175776,chrIII,5603419,5604418,1000,+,175776,xnd-1
175634,chrIII,4785046,4786045,1000,+,175634,mel-28
176517,chrIII,10881271,10882270,1000,+,176517,athp-1
173148,chrI,12806537,12807536,1000,-,173148,attf-6
179106,chrV,7196117,7197116,1000,-,179106,attf-2
180410,chrX,592980,593979,1000,+,180410,F13C5.2
173805,chrII,4672083,4673082,1000,+,173805,hmg-11
177165,chrIV,4071369,4072368,1000,+,177165,pqn-75
178479,chrIV,17048319,17049318,1000,-,178479,athp-3
174829,chrII,11915451,11916450,1000,+,174829,hmg-12
175944,chrIII,6709948,6710947,1000,-,175944,isw-1
182915,chrIV,12454059,12455058,1000,-,182915,spe-44
175487,chrIII,3767530,3768529,1000,+,175487,gmeb-3
173788,chrII,4518066,4519065,1000,+,173788,hlh-1
181069,chrX,8115589,8116588,1000,+,181069,hlh-8
6418830,chrX,3673676,3674675,1000,-,6418830,ceh-63
179743,chrV,12735734,12736733,1000,+,179743,cky-1
182719,chrII,5540193,5541192,1000,-,182719,hlh-27
182717,chrII,5534223,5535222,1000,+,182717,hlh-25
182758,chrII,5738782,5739781,1000,-,182758,hlh-14
172889,chrI,10196981,10197980,1000,-,172889,aha-1
182980,chrIV,8479434,8480433,1000,-,182980,hlh-12
183212,chrIII,5242006,5243005,1000,-,183212,cnd-1
172788,chrI,9521570,9522569,1000,+,172788,ahr-1
183427,chrX,2413282,2414281,1000,-,183427,hlh-15
183457,chrX,11683661,11684660,1000,+,183457,hnd-1
183973,chrI,8768001,8769000,1000,-,183973,hlh-16
180359,chrV,20779471,20780470,1000,+,180359,hif-1
185460,chrIV,16253839,16254838,1000,+,185460,hlh-17
175184,chrIII,188124,189123,1000,-,175184,mxl-2
181457,chrX,13350722,13351721,1000,-,181457,mxl-3
181194,chrX,9822113,9823112,1000,-,181194,dpy-22
185980,chrX,4248301,4249300,1000,+,185980,hlh-13
186449,chrX,557121,558120,1000,-,186449,hlh-19
176360,chrIII,9621414,9622413,1000,+,176360,hlh-11
172458,chrI,7193906,7194905,1000,-,172458,hlh-2
180942,chrX,6741447,6742446,1000,+,180942,mdl-1
179860,chrV,13707343,13708342,1000,-,179860,hlh-34
176372,chrIII,9738755,9739754,1000,-,176372,hlh-4
191703,chrX,2230078,2231077,1000,-,191703,lin-32
188539,chrII,9614754,9615753,1000,-,188539,hlh-6
179557,chrV,11243821,11244820,1000,+,179557,mxl-1
176050,chrIII,7374661,7375660,1000,-,176050,mml-1
174447,chrII,9085550,9086549,1000,+,174447,hlh-3
177157,chrIV,4028081,4029080,1000,-,177157,hlh-30
3565279,chrIV,16131467,16132466,1000,+,3565279,hlh-32
189728,chrIII,1854384,1855383,1000,+,189728,hlh-33
176574,chrIII,11442466,11443465,1000,-,176574,sbp-1
177045,chrIV,2628213,2629212,1000,-,177045,ngn-1
191402,chrV,9282029,9283028,1000,-,191402,hlh-10
173939,chrII,5533706,5534705,1000,-,173939,hlh-26
185134,chrX,17549982,17550981,1000,+,185134,hlh-28
185136,chrX,17548563,17549562,1000,-,185136,hlh-29
174585,chrII,10217413,10218412,1000,+,174585,ref-1
175587,chrIII,4498505,4499504,1000,-,175587,atf-7
259434,chrII,5187544,5188543,1000,-,259434,crh-2
183204,chrV,13263532,13264531,1000,+,183204,zip-5
172319,chrI,6252086,6253085,1000,+,172319,cebp-2
172320,chrI,6252703,6253702,1000,+,172320,lpd-2
180481,chrX,1453854,1454853,1000,-,180481,cebp-1
178998,chrV,6104719,6105718,1000,+,178998,atf-8
175924,chrIII,6477927,6478926,1000,+,175924,zip-8
178987,chrV,6007549,6008548,1000,+,178987,fos-1
181405,chrX,12479880,12480879,1000,+,181405,atf-6
172914,chrI,10391308,10392307,1000,-,172914,mgl-2
266837,chrI,6579239,6580238,1000,+,266837,let-607
175240,chrIII,833453,834452,1000,+,175240,zip-2
187691,chrIV,11218116,11219115,1000,-,187691,zip-6
175541,chrIII,4192957,4193956,1000,+,175541,xbp-1
181576,chrX,14810473,14811472,1000,-,181576,atf-5
177343,chrIV,5660374,5661373,1000,-,177343,skn-1
174452,chrII,9112229,9113228,1000,+,174452,jun-1
179599,chrV,11650734,11651733,1000,-,179599,zip-10
189280,chrII,13955891,13956890,1000,-,189280,zip-3
177099,chrIV,3310565,3311564,1000,+,177099,zip-11
176597,chrIII,11656667,11657666,1000,+,176597,crh-1
171900,chrI,3265857,3266856,1000,-,171900,zip-4
178459,chrIV,16505637,16506636,1000,-,178459,zip-7
176655,chrIII,12328364,12329363,1000,+,176655,zip-12
176656,chrIII,12335823,12336822,1000,+,176656,zip-1
179922,chrV,14193468,14194467,1000,+,179922,atfs-1
173365,chrI,14960516,14961515,1000,+,173365,ces-2
174399,chrII,8750933,8751932,1000,+,174399,atf-2
179947,chrV,14448699,14449698,1000,+,179947,F23B12.7
173385,chrII,42945,43944,1000,+,173385,nfyc-1
179365,chrV,9731140,9732139,1000,+,179365,drap-1
191629,chrIII,13341583,13342582,1000,+,191629,dro-1
181368,chrX,11946735,11947734,1000,-,181368,nfya-1
175921,chrIII,6462796,6463795,1000,-,175921,T26A5.8
173435,chrII,467337,468336,1000,-,173435,nfyb-1
175152,chrII,14969270,14970269,1000,-,175152,Y53F4B.3
3565955,chrI,11223939,11224938,1000,+,3565955,nfya-2
172626,chrI,8410798,8411797,1000,-,172626,lin-28
174690,chrII,11041070,11042069,1000,-,174690,cey-1
172219,chrI,5618605,5619604,1000,+,172219,cey-2
172211,chrI,5572921,5573920,1000,-,172211,cey-3
176516,chrIII,10868521,10869520,1000,-,176516,cey-4
182370,chrII,10365568,10366567,1000,-,182370,ceh-57
179809,chrV,13300836,13301835,1000,+,179809,ceh-79
174391,chrII,8703780,8704779,1000,-,174391,ceh-7
173597,chrII,2429931,2430930,1000,-,173597,ceh-86
185766,chrII,1731282,1732281,1000,+,185766,ceh-82
185767,chrII,1729409,1730408,1000,+,185767,ceh-81
177540,chrIV,7632419,7633418,1000,+,177540,plp-1
186645,chrII,2012478,2013477,1000,-,186645,ceh-85
3565071,chrX,14156893,14157892,1000,-,3565071,ceh-90
188474,chrX,6192914,6193913,1000,-,188474,ceh-54
191149,chrV,14177064,14178063,1000,+,191149,ceh-74
180394,chrX,388793,389792,1000,-,180394,ceh-93
176594,chrIII,11615659,11616658,1000,+,176594,ceh-91
180398,chrX,433795,434794,1000,-,180398,dve-1
182756,chrIV,6811114,6812113,1000,+,182756,ceh-48
179001,chrV,6120185,6121184,1000,-,179001,ceh-49
174136,chrII,6951028,6952027,1000,+,174136,ceh-38
180503,chrX,1848670,1849669,1000,-,180503,ceh-41
180504,chrX,1852731,1853730,1000,-,180504,ceh-21
180505,chrX,1855871,1856870,1000,-,180505,ceh-39
175372,chrIII,2529610,2530609,1000,+,175372,ceh-44
171679,chrI,988686,989685,1000,+,171679,hmbx-1
182371,chrII,10369523,10370522,1000,-,182371,ceh-58
176068,chrIII,7534636,7535635,1000,-,176068,lin-39
176093,chrIII,7813406,7814405,1000,+,176093,egl-5
176091,chrIII,7783324,7784323,1000,-,176091,mab-5
191618,chrIII,8621808,8622807,1000,+,191618,ceh-16
175638,chrIII,4808674,4809673,1000,-,175638,pal-1
177590,chrIV,7955794,7956793,1000,-,177590,ceh-19
172255,chrI,5839292,5840291,1000,+,172255,ceh-12
176521,chrIII,10919287,10920286,1000,+,176521,vab-7
187642,chrII,10804335,10805334,1000,+,187642,ceh-62
176069,chrIII,7554595,7555594,1000,+,176069,ceh-13
176640,chrIII,12077403,12078402,1000,-,176640,php-3
176641,chrIII,12084163,12085162,1000,-,176641,nob-1
180233,chrV,18873104,18874103,1000,+,180233,ceh-51
173537,chrII,1662834,1663833,1000,+,173537,duxl-1
172236,chrI,5715679,5716678,1000,+,172236,lim-7
181357,chrX,11769312,11770311,1000,-,181357,ttx-3
177938,chrIV,10461747,10462746,1000,-,177938,mec-3
181012,chrX,7532687,7533686,1000,-,181012,ceh-14
180459,chrX,1073691,1074690,1000,+,180459,lim-6
172893,chrI,10247330,10248329,1000,+,172893,lin-11
180672,chrX,3873277,3874276,1000,-,180672,lim-4
191616,chrI,9726208,9727207,1000,+,191616,ceh-5
191615,chrI,6050390,6051389,1000,-,191615,ceh-2
3565834,chrII,5071356,5072355,1000,-,3565834,C27A2.7
175581,chrIII,4449913,4450912,1000,-,175581,ceh-43
191621,chrX,3070298,3071297,1000,-,191621,ceh-31
191620,chrX,3062696,3063695,1000,+,191620,ceh-30
180751,chrX,4761583,4762582,1000,-,180751,mls-2
191614,chrX,4654129,4655128,1000,-,191614,ceh-1
179485,chrV,10671613,10672612,1000,+,179485,ceh-22
185156,chrII,6802715,6803714,1000,+,185156,tab-1
185853,chrV,11664680,11665679,1000,-,185853,ceh-27
179877,chrV,13812295,13813294,1000,+,179877,ceh-24
4363106,chrV,12276974,12277973,1000,-,4363106,bnc-1
191619,chrX,13073613,13074612,1000,+,191619,ceh-28
187454,chrX,636880,637879,1000,-,187454,pha-2
175149,chrII,14901443,14902442,1000,+,175149,cog-1
181197,chrX,9846233,9847232,1000,+,181197,vab-15
267057,chrI,566395,567394,1000,-,267057,ceh-9
176096,chrIII,7838528,7839527,1000,+,176096,ceh-23
176157,chrIII,8216226,8217225,1000,-,176157,unc-86
181523,chrX,14140877,14141876,1000,+,181523,ceh-89
172640,chrI,8502255,8503254,1000,-,172640,ceh-6
180671,chrX,3857725,3858724,1000,-,180671,ceh-18
174894,chrII,12603616,12604615,1000,-,174894,ceh-100
173541,chrII,1736430,1737429,1000,-,173541,ceh-83
182467,chrIV,3497265,3498264,1000,+,182467,ceh-53
181599,chrX,15034472,15035471,1000,-,181599,dsc-1
181529,chrX,14185467,14186466,1000,-,181529,ceh-36
181530,chrX,14199661,14200660,1000,-,181530,ceh-37
172059,chrI,4570026,4571025,1000,-,172059,ceh-17
174544,chrII,9900199,9901198,1000,-,174544,unc-4
192081,chrV,9769246,9770245,1000,-,192081,unc-42
181302,chrX,11125493,11126492,1000,-,181302,alr-1
175811,chrIII,5798028,5799027,1000,+,175811,ceh-10
180313,chrV,20064144,20065143,1000,-,180313,ttx-1
191617,chrI,8250891,8251890,1000,-,191617,ceh-8
191283,chrV,9692113,9693112,1000,-,191283,ztf-9
190204,chrII,9827868,9828867,1000,-,190204,eyg-1
185022,chrII,10145789,10146788,1000,+,185022,pax-3
178265,chrIV,13118190,13119189,1000,+,178265,unc-30
181251,chrX,10508389,10509388,1000,+,181251,vab-3
176137,chrIII,8066273,8067272,1000,+,176137,pros-1
178919,chrV,5319421,5320420,1000,-,178919,ceh-34
191622,chrV,5324601,5325600,1000,-,191622,ceh-33
191623,chrV,14372374,14373373,1000,+,191623,unc-39
179603,chrV,11705356,11706355,1000,-,179603,ceh-32
172789,chrI,9540878,9541877,1000,-,172789,irx-1
178514,chrIV,17328168,17329167,1000,+,178514,ceh-88
191624,chrX,12320633,12321632,1000,-,191624,ceh-40
3565545,chrIII,6978832,6979831,1000,+,3565545,ceh-20
178845,chrV,4496453,4497452,1000,+,178845,unc-62
184803,chrX,6530049,6531048,1000,-,184803,ceh-60
182547,chrX,3506353,3507352,1000,-,182547,sox-4
172162,chrI,5208125,5209124,1000,-,172162,sem-2
172250,chrI,5818129,5819128,1000,-,172250,hmg-3
185534,chrX,14692927,14693926,1000,-,185534,sox-3
185946,chrI,14058408,14059407,1000,+,185946,hmg-6
181002,chrX,7460466,7461465,1000,-,181002,sox-2
176052,chrIII,7381531,7382530,1000,-,176052,hmg-4
180833,chrX,5667286,5668285,1000,+,180833,egl-13
173124,chrI,12534317,12535316,1000,+,173124,hmg-20
171849,chrI,2830296,2831295,1000,-,171849,pop-1
175081,chrII,14249643,14250642,1000,+,175081,hmg-1.1
175393,chrIII,2768658,2769657,1000,-,175393,swsn-3
177543,chrIV,7646208,7647207,1000,-,177543,hmg-5
175890,chrIII,6279555,6280554,1000,+,175890,hmg-1.2
178071,chrIV,11480131,11481130,1000,-,178071,mbf-1
187937,chrX,10721984,10722983,1000,-,187937,mbr-1
177373,chrIV,6094404,6095403,1000,+,177373,lag-1
173786,chrII,4505145,4506144,1000,-,173786,camt-1
181573,chrX,14772522,14773521,1000,+,181573,unc-3
175118,chrII,14572571,14573570,1000,+,175118,madf-5
183517,chrIII,3650682,3651681,1000,-,183517,madf-8
173019,chrI,11280007,11281006,1000,-,173019,madf-2
179386,chrV,9962451,9963450,1000,-,179386,madf-4
190925,chrI,10437700,10438699,1000,-,190925,madf-10
191167,chrIV,3636075,3637074,1000,+,191167,madf-9
171689,chrI,1127362,1128361,1000,+,171689,ceh-45
186755,chrII,4334711,4335710,1000,+,186755,madf-3
172732,chrI,9095005,9096004,1000,+,172732,mef-2
180431,chrX,825426,826425,1000,-,180431,daf-3
172930,chrI,10500730,10501729,1000,+,172930,tag-68
187612,chrI,8587484,8588483,1000,-,187612,daf-8
175815,chrIII,5815233,5816232,1000,+,175815,sma-4
175955,chrIII,6863910,6864909,1000,-,175955,sma-3
174225,chrII,7537232,7538231,1000,+,174225,nfi-1
176229,chrIII,8749527,8750526,1000,+,176229,sma-2
172168,chrI,5262711,5263710,1000,+,172168,B0261.1
176020,chrIII,7229724,7230723,1000,-,176020,R151.8
174173,chrII,7131975,7132974,1000,-,174173,T07F8.4
173310,chrI,14468494,14469493,1000,+,173310,ekl-4
180324,chrV,20249430,20250429,1000,-,180324,swsn-1
176145,chrIII,8120740,8121739,1000,-,176145,gei-8
172639,chrI,8490300,8491299,1000,+,172639,cdc-5L
177419,chrIV,6584860,6585859,1000,+,177419,dnj-11
176241,chrIII,8827147,8828146,1000,-,176241,F54F2.9
179192,chrV,8129330,8130329,1000,-,179192,spr-1
172711,chrI,8961343,8962342,1000,+,172711,snpc-4
181229,chrX,10194273,10195272,1000,-,181229,myrf-2
172616,chrI,8323294,8324293,1000,+,172616,cep-1
174614,chrII,10502428,10503427,1000,-,174614,myrf-1
177876,chrIV,10110392,10111391,1000,-,177876,egl-38
187062,chrIV,4204369,4205368,1000,-,187062,pax-2
187105,chrV,8223945,8224944,1000,+,187105,pax-1
182466,chrIV,8879813,8880812,1000,-,182466,npax-4
184779,chrII,7331284,7332283,1000,-,184779,npax-1
185967,chrX,2149247,2150246,1000,-,185967,npax-2
187848,chrIV,10828002,10829001,1000,-,187848,npax-3
3565074,chrIV,10811408,10812407,1000,+,3565074,miz-1
172243,chrI,5782844,5783843,1000,+,172243,rnt-1
172753,chrI,9293854,9294853,1000,-,172753,F26H9.2
182061,chrII,18538,19537,1000,+,182061,gmeb-1
181676,chrX,15881031,15882030,1000,+,181676,gmeb-2
178465,chrIV,16663289,16664288,1000,+,178465,sta-1
182861,chrIII,11785953,11786952,1000,-,182861,tbx-38
183272,chrX,1674152,1675151,1000,-,183272,tbx-31
173710,chrII,3673594,3674593,1000,-,173710,sea-1
175698,chrIII,5136138,5137137,1000,-,175698,tbx-2
185575,chrIII,6046856,6047855,1000,-,185575,tbx-11
186741,chrIII,7459343,7460342,1000,+,186741,mls-1
176450,chrIII,10346490,10347489,1000,+,176450,tbx-8
176449,chrIII,10341758,10342757,1000,-,176449,tbx-9
188917,chrX,1864240,1865239,1000,+,188917,tbx-41
173441,chrII,515156,516155,1000,+,173441,mab-9
176549,chrIII,11218146,11219145,1000,-,176549,tbx-34
189977,chrIII,11227020,11228019,1000,-,189977,tbx-37
190493,chrIII,11636726,11637725,1000,-,190493,tbx-33
190678,chrIV,15322861,15323860,1000,+,190678,tbx-39
190679,chrIV,15328155,15329154,1000,-,190679,tbx-40
191239,chrII,5525363,5526362,1000,-,191239,tbx-35
260030,chrIII,6028276,6029275,1000,-,260030,tbx-7
191303,chrX,1654517,1655516,1000,+,191303,tbx-32
191435,chrIV,11949581,11950580,1000,+,191435,tbx-36
174005,chrII,5932513,5933512,1000,+,174005,egl-44
181746,chrX,17072109,17073108,1000,-,181746,C30G4.4
188577,chrX,12433087,12434086,1000,+,188577,T18D3.7
190022,chrII,13375353,13376352,1000,+,190022,Y48C3A.12
178205,chrIV,12541193,12542192,1000,+,178205,ham-1
174317,chrII,8184957,8185956,1000,-,174317,mig-5
175238,chrIII,815265,816264,1000,+,175238,dac-1
175226,chrIII,688164,689163,1000,+,175226,elf-1
181627,chrX,15377617,15378616,1000,-,181627,tag-97
177016,chrIV,2300287,2301286,1000,-,177016,lin-1
180778,chrX,5084459,5085458,1000,-,180778,ets-5
180702,chrX,4280052,4281051,1000,+,180702,ets-9
184684,chrV,7561695,7562694,1000,+,184684,F19F10.1
184687,chrV,7558765,7559764,1000,-,184687,ets-7
184719,chrX,14982735,14983734,1000,-,184719,plp-2
180927,chrX,6518206,6519205,1000,+,180927,ets-4
173749,chrII,4134843,4135842,1000,-,173749,ast-1
181907,chrII,4383291,4384290,1000,-,181907,fkh-6
182874,chrI,10165113,10166112,1000,-,182874,fkh-10
181465,chrX,13423360,13424359,1000,-,181465,fkh-3
181466,chrX,13428775,13429774,1000,-,181466,fkh-4
179793,chrV,13082148,13083147,1000,+,179793,C34B4.2
174721,chrII,11280931,11281930,1000,+,174721,unc-130
184944,chrIII,4843626,4844625,1000,+,184944,fkh-5
172331,chrI,6323497,6324496,1000,-,172331,let-381
180357,chrV,20752021,20753020,1000,+,180357,pha-4
174026,chrII,6191346,6192345,1000,-,174026,fkh-8
180670,chrX,3826897,3827896,1000,-,180670,fkh-9
173740,chrII,3981657,3982656,1000,+,173740,lin-31
180663,chrX,3742241,3743240,1000,-,180663,fkh-2
188967,chrX,16058863,16059862,1000,-,188967,T27A8.2
177267,chrIV,5001744,5002743,1000,+,177267,pes-1
172981,chrI,10749487,10750486,1000,+,172981,daf-16
173078,chrI,11961954,11962953,1000,-,173078,hsf-1
174577,chrII,10169263,10170262,1000,-,174577,daf-19
174458,chrII,9168896,9169895,1000,+,174458,dpl-1
180133,chrV,16965650,16966649,1000,-,180133,efl-1
174980,chrII,13405090,13406089,1000,+,174980,efl-2
174341,chrII,8411648,8412647,1000,+,174341,efl-3
172769,chrI,9421559,9422558,1000,+,172769,C17E4.6
172441,chrI,7081500,7082499,1000,-,172441,F22D6.2
176481,chrIII,10604271,10605270,1000,+,176481,rabx-5
184940,chrIV,9915526,9916525,1000,+,184940,bed-3
187182,chrX,13261431,13262430,1000,+,187182,K09A11.1
178442,chrIV,15688169,15689168,1000,+,178442,Y105C5A.15
180257,chrV,19124879,19125878,1000,-,180257,bed-1
176576,chrIII,11470706,11471705,1000,-,176576,bed-2
191389,chrII,10451860,10452859,1000,+,191389,ZK673.4
181792,chrII,867,1866,1000,+,181792,2L52.1
177731,chrIV,9096215,9097214,1000,-,177731,C01F6.9
182124,chrIII,8242799,8243798,1000,-,182124,C02F5.12
182221,chrV,5105020,5106019,1000,-,182221,srab-2
182319,chrX,8874724,8875723,1000,-,182319,C06E2.1
175832,chrIII,5906071,5907070,1000,-,175832,dpff-1
172398,chrI,6779908,6780907,1000,-,172398,pqn-21
183310,chrIII,4811115,4812114,1000,-,183310,C38D4.7
173716,chrII,3727438,3728437,1000,-,173716,C46E10.8
174148,chrII,7024772,7025771,1000,+,174148,C52E12.1
171617,chrI,289076,290075,1000,-,171617,ztf-3
183908,chrIV,8926047,8927046,1000,-,183908,D1046.2
172516,chrI,7587718,7588717,1000,+,172516,D2030.7
178147,chrIV,12083456,12084455,1000,+,178147,repo-1
3565051,chrII,7681147,7682146,1000,+,3565051,lin-26
174240,chrII,7670993,7671992,1000,+,174240,lir-1
174239,chrII,7666956,7667955,1000,+,174239,lir-2
184771,chrIV,8723035,8724034,1000,+,184771,F21D5.9
184794,chrX,9905098,9906097,1000,+,184794,F21G4.5
171804,chrI,2433013,2434012,1000,+,171804,ubxn-1
172540,chrI,7730186,7731185,1000,+,172540,F27D4.6
178746,chrV,2877508,2878507,1000,-,178746,F37B4.10
174707,chrII,11184748,11185747,1000,-,174707,lir-3
185560,chrIII,177815,178814,1000,-,185560,F40G9.14
185732,chrIV,10037046,10038045,1000,-,185732,F44D12.10
24104588,chrII,1738082,1739081,1000,+,24104588,irld-33
172909,chrI,10365612,10366611,1000,+,172909,sptf-1
177529,chrIV,7547427,7548426,1000,+,177529,F49E8.2
3565939,chrI,8315312,8316311,1000,-,3565939,F52B5.7
186155,chrV,10991080,10992079,1000,+,186155,frpr-9
178384,chrIV,14430890,14431889,1000,-,178384,F55B11.4
173978,chrII,5788152,5789151,1000,+,173978,K05F1.5
175707,chrIII,5172953,5173952,1000,+,175707,cid-1
173738,chrII,3949380,3950379,1000,+,173738,sea-2
259619,chrV,5051258,5052257,1000,+,259619,K11D12.12
179058,chrV,6681551,6682550,1000,-,179058,egl-46
187307,chrIII,9831872,9832871,1000,+,187307,K11H3.4
187348,chrII,2807172,2808171,1000,+,187348,K12H6.12
179819,chrV,13391373,13392372,1000,-,179819,somi-1
187492,chrX,14495050,14496049,1000,+,187492,ztf-14
176844,chrIV,255427,256426,1000,-,176844,R02D3.7
187601,chrIII,8363771,8364770,1000,+,187601,R05D3.3
187681,chrIII,4396439,4397438,1000,+,187681,R07E5.5
188197,chrI,12714652,12715651,1000,+,188197,T06G6.5
177948,chrIV,10554629,10555628,1000,+,177948,zim-2
188246,chrIV,10557701,10558700,1000,+,188246,zim-3
188247,chrIV,10560894,10561893,1000,+,188247,him-8
3565259,chrIV,10546068,10547067,1000,+,3565259,zim-1
188340,chrII,10384293,10385292,1000,+,188340,ztf-27
172422,chrI,6925308,6926307,1000,+,172422,ztf-4
179832,chrV,13497354,13498353,1000,-,179832,eea-1
188731,chrII,8621924,8622923,1000,-,188731,T22C8.3
188732,chrII,8624205,8625204,1000,-,188732,T22C8.4
175612,chrIII,4665326,4666325,1000,-,175612,T23F11.4
178338,chrIV,13703932,13704931,1000,-,178338,tlp-1
175250,chrIII,895594,896593,1000,-,175250,ztf-18
189182,chrIII,2423345,2424344,1000,+,189182,W04B5.2
179712,chrV,12497736,12498735,1000,-,179712,W04D2.4
259399,chrI,10875007,10876006,1000,-,259399,Y37F4.6
177603,chrIV,8107585,8108584,1000,-,177603,rabs-5
171918,chrI,3501929,3502928,1000,+,171918,Y47G6A.7
190015,chrIII,11119101,11120100,1000,-,190015,sup-35
174971,chrII,13285713,13286712,1000,-,174971,ztf-22
175040,chrII,13887589,13888588,1000,+,175040,mcd-1
173005,chrI,11038813,11039812,1000,-,173005,dxbp-1
173016,chrI,11221391,11222390,1000,+,173016,Y53H1A.2
176624,chrIII,11918614,11919613,1000,-,176624,Y56A3A.18
174872,chrII,12288341,12289340,1000,+,174872,Y57A10A.31
259490,chrIII,1455750,1456749,1000,-,259490,Y82E9BR.17
190777,chrI,13542385,13543384,1000,-,190777,atg-4.1
191237,chrII,5514844,5515843,1000,+,191237,ZK177.3
191242,chrIV,4547548,4548547,1000,+,191242,ZK185.1
176095,chrIII,7828361,7829360,1000,+,176095,ZK652.6
176090,chrIII,7769902,7770901,1000,-,176090,snu-23
174580,chrII,10173615,10174614,1000,+,174580,F33H1.4
176128,chrIII,8020806,8021805,1000,-,176128,lin-36
177340,chrIV,5583674,5584673,1000,+,177340,fkh-7
181533,chrX,14243325,14244324,1000,-,181533,K04C1.3
172504,chrI,7494438,7495437,1000,+,172504,pbrm-1
172507,chrI,7542008,7543007,1000,-,172507,dcp-66
174194,chrII,7251521,7252520,1000,+,174194,ada-2
179505,chrV,10865681,10866680,1000,-,179505,saeg-1
3565634,chrI,1154387,1155386,1000,-,3565634,Y48G8AL.10
172596,chrI,8102601,8103600,1000,+,172596,spr-4
178042,chrIV,11309978,11310977,1000,+,178042,B0035.1
180403,chrX,506935,507934,1000,-,180403,B0310.2
182317,chrIII,8597764,8598763,1000,-,182317,ztf-30
180727,chrX,4553668,4554667,1000,+,180727,ham-2
177545,chrIV,7672869,7673868,1000,-,177545,C08G9.2
183848,chrI,2567874,2568873,1000,+,183848,scrt-1
184756,chrI,3709224,3710223,1000,-,184756,F21A9.2
185364,chrV,2089680,2090679,1000,+,185364,ztf-28
176245,chrIII,8848390,8849389,1000,-,176245,F44E2.7
180149,chrV,17350037,17351036,1000,-,180149,lsy-27
181701,chrX,16274700,16275699,1000,+,181701,sdc-1
186116,chrX,3102150,3103149,1000,-,186116,ztf-13
187242,chrI,3151982,3152981,1000,-,187242,K09H9.7
180599,chrX,3106270,3107269,1000,-,180599,K10B3.5
175554,chrIII,4300998,4301997,1000,-,175554,R10E4.11
187900,chrIII,5021011,5022010,1000,+,187900,R144.3
176761,chrIII,13393781,13394780,1000,-,176761,dnj-17
174269,chrII,7870102,7871101,1000,-,174269,ztf-17
181737,chrX,16871853,16872852,1000,+,181737,T20F7.1
188663,chrIII,7240328,7241327,1000,+,188663,T20H4.2
188680,chrII,12519148,12520147,1000,+,188680,ceh-99
178105,chrIV,11699801,11700800,1000,-,178105,dpy-20
178541,chrV,127952,128951,1000,-,178541,W03F9.2
173014,chrI,11205978,11206977,1000,+,173014,ztf-6
259467,chrII,12067039,12068038,1000,+,259467,Y17G7B.22
175319,chrIII,1665144,1666143,1000,-,175319,Y22D7AL.16
176632,chrIII,11971259,11972258,1000,-,176632,Y56A3A.28
176585,chrIII,11560071,11561070,1000,+,176585,ztf-29
180158,chrV,17600900,17601899,1000,+,180158,ztf-25
175302,chrIII,1457528,1458527,1000,+,175302,Y82E9BR.1
191448,chrII,9981689,9982688,1000,-,191448,sdz-38
190806,chrI,852462,853461,1000,+,190806,Y95B8A.8
174286,chrII,8027692,8028691,1000,-,174286,swsn-7
181893,chrIII,7107260,7108259,1000,+,181893,odd-1
178899,chrV,5119142,5120141,1000,-,178899,C04F5.9
182489,chrX,7424837,7425836,1000,-,182489,mnm-2
175905,chrIII,6380593,6381592,1000,+,175905,C16A3.4
174569,chrII,10067856,10068855,1000,-,174569,die-1
3896760,chrIV,8086638,8087637,1000,-,3896760,nsy-7
181580,chrX,14844875,14845874,1000,+,181580,egrh-1
183219,chrX,6160451,6161450,1000,-,183219,odd-2
183539,chrX,7743188,7744187,1000,+,183539,ref-2
181020,chrX,7573528,7574527,1000,-,181020,unc-98
184429,chrI,7290270,7291269,1000,+,184429,ztf-2
179019,chrV,6355700,6356699,1000,+,179019,bcl-11
181025,chrX,7637038,7638037,1000,-,181025,F26A10.2
174705,chrII,11152507,11153506,1000,-,174705,pqm-1
185936,chrX,9045158,9046157,1000,+,185936,F47E1.3
186179,chrV,20685877,20686876,1000,+,186179,klf-2
191713,chrII,6617246,6618245,1000,+,191713,klf-3
172699,chrI,8861266,8862265,1000,-,172699,ztf-26
175404,chrIII,2873885,2874884,1000,+,175404,klf-1
172100,chrI,4829141,4830140,1000,+,172100,F57C9.4
187291,chrI,12518184,12519183,1000,+,187291,K11D2.4
188733,chrII,8624678,8625677,1000,+,188733,sptf-2
181714,chrX,16535817,16536816,1000,+,181714,pat-9
179212,chrV,8301278,8302277,1000,-,179212,W02D7.6
177118,chrIV,3578993,3579992,1000,+,177118,Y37E11B.1
189730,chrV,18960144,18961143,1000,-,189730,ztf-20
189783,chrI,13366812,13367811,1000,-,189783,sptf-3
190396,chrV,18086105,18087104,1000,+,190396,slr-2
259340,chrIV,13289423,13290422,1000,-,259340,Y67H2A.10
176638,chrIII,12052194,12053193,1000,-,176638,Y79H2A.3
172339,chrI,6390942,6391941,1000,-,172339,klu-2
175726,chrIII,5273431,5274430,1000,-,175726,ztf-8
173850,chrII,4934557,4935556,1000,+,173850,ZK546.5
3565160,chrIII,7767390,7768389,1000,-,3565160,ZK686.5
175173,chrIII,86377,87376,1000,-,175173,attf-3
183510,chrII,3729185,3730184,1000,-,183510,C46E10.9
353399,chrII,7021885,7022884,1000,+,353399,lst-5
183847,chrI,6520881,6521880,1000,-,183847,che-1
184285,chrII,8149964,8150963,1000,-,184285,F10B5.3
172917,chrI,10408350,10409349,1000,+,172917,blmp-1
175485,chrIII,3744443,3745442,1000,+,175485,lin-48
185718,chrI,8632943,8633942,1000,+,185718,ces-1
172662,chrI,8639521,8640520,1000,+,172662,F43G9.12
179375,chrV,9789620,9790619,1000,-,179375,ztf-7
176236,chrIII,8792258,8793257,1000,-,176236,ztf-1
186375,chrII,5477561,5478560,1000,+,186375,F56D1.1
186874,chrIV,313698,314697,1000,-,186874,snai-1
174552,chrII,9954127,9955126,1000,+,174552,egl-43
188228,chrI,12628988,12629987,1000,-,188228,T07D10.3
173366,chrI,14974413,14975412,1000,+,173366,klu-1
180985,chrX,7217425,7218424,1000,+,180985,syd-9
177144,chrIV,3854844,3855843,1000,+,177144,zag-1
181132,chrX,8853569,8854568,1000,-,181132,C28G1.4
172928,chrI,10478087,10479086,1000,-,172928,row-1
181588,chrX,14954452,14955451,1000,-,181588,pag-3
180522,chrX,2088794,2089793,1000,+,180522,lsy-2
172844,chrI,9900270,9901269,1000,+,172844,lsl-1
178074,chrIV,11523621,11524620,1000,+,178074,mep-1
172470,chrI,7254525,7255524,1000,+,172470,ztf-15
174830,chrII,11933162,11934161,1000,-,174830,lin-29
3564888,chrIV,13465115,13466114,1000,+,3564888,fezf-1
176548,chrIII,11194962,11195961,1000,-,176548,tra-1
178004,chrIV,11078556,11079555,1000,-,178004,Y5F2A.4
179257,chrV,8785826,8786825,1000,+,179257,sup-37
182454,chrIII,666262,667261,1000,-,182454,C09F5.3
172281,chrI,6040676,6041675,1000,+,172281,C27A12.2
182953,chrI,6037433,6038432,1000,+,182953,let-391
184991,chrIII,4905272,4906271,1000,-,184991,F26F4.8
180575,chrX,2857230,2858229,1000,-,180575,tra-4
174931,chrII,12918912,12919911,1000,-,174931,F58G1.2
177375,chrIV,6127285,6128284,1000,-,177375,M03D4.4
188142,chrV,15928353,15929352,1000,-,188142,pzf-1
176678,chrIII,12598428,12599427,1000,-,176678,Y111B2A.10
171880,chrI,3059074,3060073,1000,-,171880,ztf-23
191363,chrIV,5419187,5420186,1000,-,191363,ehn-3
180722,chrX,4513080,4514079,1000,+,180722,spr-3
184388,chrII,3731552,3732551,1000,-,184388,sdz-12
172435,chrI,7037907,7038906,1000,+,172435,sem-4
174505,chrII,9556685,9557684,1000,+,174505,zfp-2
181271,chrX,10768229,10769228,1000,+,181271,sma-9
180756,chrX,4811496,4812495,1000,-,180756,ztf-16
180848,chrX,5822033,5823032,1000,+,180848,hbl-1
173348,chrI,14790047,14791046,1000,+,173348,hinf-1
177249,chrIV,4799169,4800168,1000,-,177249,eor-1
190310,chrIV,1063179,1064178,1000,-,190310,Y55F3AM.14
171670,chrI,802405,803404,1000,+,171670,zfh-2
172845,chrI,9910519,9911518,1000,-,172845,ztf-11
175800,chrIII,5710541,5711540,1000,+,175800,B0336.3
177568,chrIV,7812798,7813797,1000,-,177568,zgpa-1
176507,chrIII,10757539,10758538,1000,-,176507,rnf-113
177979,chrIV,10860392,10861391,1000,+,177979,T11G6.8
179733,chrV,12659465,12660464,1000,-,179733,ccch-3
180479,chrX,1446572,1447571,1000,-,180479,zfp-3
178489,chrIV,17118508,17119507,1000,-,178489,uaf-2
174504,chrII,9523122,9524121,1000,+,174504,mex-6
177703,chrIV,8888073,8889072,1000,+,177703,oma-1
181059,chrX,8013997,8014996,1000,+,181059,C34D10.2
183235,chrIV,16349958,16350957,1000,+,183235,C35D6.4
172538,chrI,7724025,7725024,1000,+,172538,F27D4.4
174960,chrII,13165586,13166585,1000,-,174960,moe-3
179584,chrV,11526939,11527938,1000,+,179584,ccch-1
178454,chrIV,16277182,16278181,1000,+,178454,ccch-2
185463,chrIV,16277360,16278359,1000,-,185463,F38C2.7
179224,chrV,8413074,8414073,1000,+,179224,pos-1
172604,chrI,8213404,8214403,1000,+,172604,gla-3
177643,chrIV,8431478,8432477,1000,-,177643,T26A8.4
178296,chrIV,13352706,13353705,1000,+,178296,mex-5
174836,chrII,11967585,11968584,1000,+,174836,mex-1
178476,chrIV,17025083,17026082,1000,-,178476,dct-13
178477,chrIV,17039611,17040610,1000,-,178477,Y116A8C.19
178478,chrIV,17039883,17040882,1000,+,178478,Y116A8C.20
176667,chrIII,12425792,12426791,1000,+,176667,pie-1
175434,chrIII,3321237,3322236,1000,-,175434,Y53G8AR.9
178412,chrIV,14918592,14919591,1000,+,178412,ccch-5
190441,chrX,14382181,14383180,1000,+,190441,Y60A9.3
179183,chrV,8028489,8029488,1000,+,179183,oma-2
176918,chrIV,991292,992291,1000,+,176918,Y55F3AM.6
190316,chrIV,831897,832896,1000,-,190316,madf-1
3565514,chrV,10383325,10384324,1000,+,3565514,spe-10
173045,chrI,11610697,11611696,1000,+,173045,dhhc-7
183426,chrX,2401933,2402932,1000,-,183426,dhhc-9
181109,chrX,8551225,8552224,1000,+,181109,dhhc-14
181606,chrX,15100336,15101335,1000,-,181606,dhhc-1
172257,chrI,5864671,5865670,1000,-,172257,dhhc-3
186602,chrI,10521141,10522140,1000,+,186602,dhhc-12
186797,chrIV,5916361,5917360,1000,+,186797,dhhc-13
178280,chrIV,13240044,13241043,1000,+,178280,lin-54
180745,chrX,4706159,4707158,1000,+,180745,dhhc-10
178158,chrIV,12123930,12124929,1000,+,178158,dhhc-6
187870,chrIII,6849001,6850000,1000,-,187870,dhhc-5
188748,chrI,5763114,5764113,1000,+,188748,dhhc-11
176731,chrIII,13106591,13107590,1000,+,176731,dhhc-8
173062,chrI,11835581,11836580,1000,+,173062,dhhc-2
191420,chrIII,9867688,9868687,1000,-,191420,dhhc-4
181581,chrX,14861733,14862732,1000,-,181581,dmd-4
266926,chrV,10632037,10633036,1000,+,266926,mab-23
183202,chrV,13225928,13226927,1000,-,183202,dmd-10
183203,chrV,13236591,13237590,1000,-,183203,dmd-11
184287,chrII,5774149,5775148,1000,-,184287,dmd-5
178392,chrIV,14618427,14619426,1000,+,178392,dmd-6
179012,chrV,6248579,6249578,1000,+,179012,dmd-7
189878,chrV,19655210,19656209,1000,-,189878,dmd-3
190512,chrIV,3254460,3255459,1000,-,190512,dmd-9
188771,chrV,336440,337439,1000,-,188771,dmd-8
174533,chrII,9732363,9733362,1000,+,174533,mab-3
175670,chrIII,4951095,4952094,1000,+,175670,flh-2
180532,chrX,2214626,2215625,1000,+,180532,peb-1
177749,chrIV,9264215,9265214,1000,-,177749,flh-1
189435,chrIV,9269080,9270079,1000,+,189435,flh-3
178868,chrV,4769700,4770699,1000,+,178868,elt-7
181250,chrX,10480180,10481179,1000,+,181250,elt-2
181249,chrX,10474467,10475466,1000,+,181249,elt-4
176993,chrIV,1916977,1917976,1000,+,176993,elt-6
176992,chrIV,1912472,1913471,1000,+,176992,egl-18
179893,chrV,13984122,13985121,1000,+,179893,end-1
191631,chrV,14013686,14014685,1000,+,191631,end-3
181503,chrX,13933815,13934814,1000,+,181503,elt-3
191706,chrIII,6883449,6884448,1000,+,191706,med-2
191705,chrX,12429542,12430541,1000,+,191705,med-1
177794,chrIV,9614144,9615143,1000,+,177794,elt-1
178788,chrV,3703999,3704998,1000,+,178788,lin-40
171592,chrI,26779,27778,1000,-,171592,rcor-1
172733,chrI,9107533,9108532,1000,-,172733,gei-17
175902,chrIII,6374338,6375337,1000,+,175902,nfx-1
175993,chrIII,7115373,7116372,1000,-,175993,nhr-10
172460,chrI,7215960,7216959,1000,+,172460,nhr-23
191719,chrX,12667781,12668780,1000,-,191719,nhr-17
182172,chrV,7341170,7342169,1000,+,182172,nhr-148
182174,chrV,7350050,7351049,1000,-,182174,nhr-149
182170,chrV,7345644,7346643,1000,+,182170,nhr-147
182276,chrIV,626550,627549,1000,+,182276,nhr-76
182297,chrV,15481355,15482354,1000,-,182297,nhr-150
180068,chrV,16001575,16002574,1000,+,180068,nhr-63
180067,chrV,15999604,16000603,1000,-,180067,nhr-50
177476,chrIV,7049152,7050151,1000,+,177476,nhr-105
180725,chrX,4531663,4532662,1000,+,180725,nhr-35
178024,chrIV,11168813,11169812,1000,+,178024,nhr-67
181705,chrX,16353917,16354916,1000,+,181705,nhr-28
182533,chrV,7685487,7686486,1000,+,182533,nhr-152
179149,chrV,7685887,7686886,1000,-,179149,nhr-94
182564,chrV,12103409,12104408,1000,+,182564,nhr-153
182565,chrV,12100287,12101286,1000,+,182565,nhr-154
182566,chrV,12106235,12107234,1000,+,182566,nhr-136
182602,chrV,538461,539460,1000,+,182602,nhr-155
182697,chrII,3851992,3852991,1000,+,182697,nhr-257
191721,chrII,3850442,3851441,1000,-,191721,nhr-72
182727,chrV,3905126,3906125,1000,+,182727,nhr-156
182730,chrV,3868991,3869990,1000,-,182730,nhr-157
182731,chrV,3873174,3874173,1000,-,182731,nhr-158
182732,chrV,3878309,3879308,1000,-,182732,nhr-159
182733,chrV,3886186,3887185,1000,-,182733,nhr-124
178933,chrV,5504437,5505436,1000,+,178933,nhr-47
182882,chrX,6640584,6641583,1000,-,182882,nhr-120
180009,chrV,15047775,15048774,1000,-,180009,sdc-3
182887,chrV,9044205,9045204,1000,+,182887,nhr-30
177601,chrIV,8029410,8030409,1000,-,177601,nhr-31
182927,chrIV,8044032,8045031,1000,+,182927,nhr-258
191723,chrI,11428062,11429061,1000,+,191723,nhr-74
191722,chrI,11435864,11436863,1000,-,191722,nhr-73
177806,chrIV,9727666,9728665,1000,+,177806,nhr-100
3565904,chrIV,9724430,9725429,1000,+,3565904,nhr-138
178121,chrIV,11898706,11899705,1000,+,178121,nhr-43
183034,chrV,2573180,2574179,1000,+,183034,srt-58
172251,chrI,5821112,5822111,1000,-,172251,nhr-2
183181,chrV,6991844,6992843,1000,-,183181,nhr-162
179083,chrV,6997052,6998051,1000,-,179083,nhr-107
183182,chrV,6986026,6987025,1000,-,183182,nhr-163
179084,chrV,6997801,6998800,1000,+,179084,nhr-42
183178,chrV,6982136,6983135,1000,-,183178,nhr-161
183179,chrV,6987738,6988737,1000,-,183179,nhr-139
3565647,chrV,6989634,6990633,1000,-,3565647,nhr-140
183304,chrV,1511631,1512630,1000,-,183304,nhr-260
183381,chrV,15235745,15236744,1000,-,183381,nhr-164
171884,chrI,3103370,3104369,1000,+,171884,nhr-64
177350,chrIV,5757805,5758804,1000,-,177350,nhr-46
183558,chrI,12330076,12331075,1000,+,183558,nhr-165
191728,chrI,12329486,12330485,1000,-,191728,nhr-81
175462,chrIII,3572686,3573685,1000,+,175462,nhr-6
183605,chrII,3879247,3880246,1000,+,183605,nhr-166
183611,chrII,3864755,3865754,1000,-,183611,nhr-261
183613,chrX,11981917,11982916,1000,-,183613,nhr-167
183635,chrV,13330999,13331998,1000,-,183635,nhr-129
353455,chrV,13333374,13334373,1000,-,353455,nhr-168
183768,chrI,12441289,12442288,1000,+,183768,nhr-169
183795,chrV,18800791,18801790,1000,-,183795,nhr-170
183807,chrV,7510822,7511821,1000,+,183807,nhr-171
183808,chrV,7508278,7509277,1000,+,183808,nhr-172
183862,chrX,6654510,6655509,1000,+,183862,nhr-173
183865,chrX,6668807,6669806,1000,-,183865,nhr-137
174512,chrII,9605183,9606182,1000,-,174512,nhr-19
184003,chrIII,2454775,2455774,1000,-,184003,nhr-121
184026,chrI,12441244,12442243,1000,-,184026,nhr-89
184021,chrI,12416376,12417375,1000,+,184021,nhr-174
24104398,chrV,9261102,9262101,1000,-,24104398,nhr-36
180129,chrV,16911217,16912216,1000,+,180129,nhr-116
184255,chrV,13865692,13866691,1000,+,184255,nhr-175
181263,chrX,10643377,10644376,1000,+,181263,daf-12
181432,chrX,13007823,13008822,1000,+,181432,nhr-25
184398,chrV,4406805,4407804,1000,+,184398,nhr-118
184443,chrIV,9293909,9294908,1000,-,184443,nhr-264
184496,chrV,16070430,16071429,1000,+,184496,nhr-176
184567,chrX,14113379,14114378,1000,-,184567,nhr-281
184557,chrV,1609360,1610359,1000,+,184557,nhr-177
184562,chrV,1617943,1618942,1000,-,184562,nhr-179
24104436,chrV,1621518,1622517,1000,-,24104436,nhr-117
184560,chrV,1607816,1608815,1000,-,184560,nhr-178
180738,chrX,4660272,4661271,1000,-,180738,nhr-45
184597,chrX,12813570,12814569,1000,-,184597,nhr-27
174202,chrII,7338222,7339221,1000,+,174202,nhr-21
184926,chrV,7444046,7445045,1000,+,184926,nhr-141
185170,chrV,667496,668495,1000,-,185170,nhr-180
177839,chrIV,9878313,9879312,1000,+,177839,nhr-4
177551,chrIV,7710138,7711137,1000,+,177551,nhr-8
178558,chrV,319358,320357,1000,+,178558,nhr-15
180065,chrV,15924386,15925385,1000,-,180065,nhr-108
191727,chrIV,4277705,4278704,1000,-,191727,nhr-78
180106,chrV,16505897,16506896,1000,-,180106,nhr-54
185483,chrV,4094040,4095039,1000,+,185483,nhr-181
185594,chrV,2264541,2265540,1000,-,185594,nhr-183
185593,chrV,2259798,2260797,1000,-,185593,nhr-182
191729,chrI,12244447,12245446,1000,+,191729,nhr-82
185603,chrI,12250897,12251896,1000,+,185603,nhr-265
175546,chrIII,4233176,4234175,1000,-,175546,nhr-20
185720,chrV,9302302,9303301,1000,+,185720,nhr-39
181231,chrX,10205362,10206361,1000,-,181231,sex-1
185727,chrV,6621251,6622250,1000,+,185727,nhr-37
185731,chrV,2228080,2229079,1000,+,185731,nhr-126
178703,chrV,2232481,2233480,1000,+,178703,nhr-96
185728,chrV,2230242,2231241,1000,+,185728,nhr-134
178702,chrV,2226202,2227201,1000,+,178702,nhr-18
178701,chrV,2224429,2225428,1000,+,178701,nhr-103
178700,chrV,2221063,2222062,1000,+,178700,nhr-128
178699,chrV,2218134,2219133,1000,+,178699,nhr-56
185729,chrV,2212102,2213101,1000,-,185729,nhr-133
185730,chrV,2214460,2215459,1000,-,185730,nhr-184
185740,chrV,5790050,5791049,1000,-,185740,nhr-142
185757,chrV,16124762,16125761,1000,-,185757,nhr-111
185907,chrV,3847137,3848136,1000,-,185907,nhr-185
185909,chrV,3854933,3855932,1000,-,185909,nhr-186
185910,chrV,3862919,3863918,1000,-,185910,nhr-187
185912,chrV,3857847,3858846,1000,-,185912,nhr-188
185999,chrV,642854,643853,1000,-,185999,nhr-190
178035,chrIV,11268756,11269755,1000,-,178035,nhr-7
192082,chrI,7903330,7904329,1000,-,192082,unc-55
180609,chrX,3199280,3200279,1000,-,180609,fax-1
186410,chrI,5735238,5736237,1000,+,186410,nhr-266
180059,chrV,15773208,15774207,1000,-,180059,nhr-60
3565118,chrV,15776623,15777622,1000,-,3565118,nhr-283
186431,chrV,10070617,10071616,1000,-,186431,nhr-192
180098,chrV,16341477,16342476,1000,+,180098,nhr-193
176364,chrIII,9637014,9638013,1000,-,176364,gei-13
177800,chrIV,9675640,9676639,1000,-,177800,nhr-34
186625,chrV,8972342,8973341,1000,-,186625,nhr-195
186626,chrV,8974905,8975904,1000,-,186626,nhr-143
181551,chrX,14557436,14558435,1000,+,181551,nhr-3
175167,chrIII,14754,15753,1000,-,175167,nhr-80
179589,chrV,11572442,11573441,1000,+,179589,nhr-68
179588,chrV,11569458,11570457,1000,+,179588,nhr-101
186760,chrIV,9286389,9287388,1000,-,186760,nhr-267
177810,chrIV,9756784,9757783,1000,+,177810,nhr-97
191720,chrIV,9709213,9710212,1000,+,191720,nhr-38
174066,chrII,6449757,6450756,1000,-,174066,nhr-22
180052,chrV,15673007,15674006,1000,+,180052,nhr-51
187058,chrV,15699881,15700880,1000,-,187058,nhr-199
180053,chrV,15702341,15703340,1000,-,180053,nhr-53
3565623,chrV,15676563,15677562,1000,+,3565623,nhr-52
187053,chrV,15685071,15686070,1000,+,187053,nhr-196
187054,chrV,15689315,15690314,1000,+,187054,nhr-268
187055,chrV,15687036,15688035,1000,+,187055,nhr-197
187056,chrV,15692975,15693974,1000,+,187056,nhr-198
173641,chrII,2977428,2978427,1000,+,173641,nhr-88
187178,chrX,13250907,13251906,1000,+,187178,nhr-32
172839,chrI,9868709,9869708,1000,+,172839,nhr-49
181491,chrX,13746379,13747378,1000,+,181491,nhr-71
187340,chrII,2800588,2801587,1000,-,187340,nhr-119
178569,chrV,473810,474809,1000,+,178569,nhr-99
187408,chrV,464758,465757,1000,+,187408,nhr-201
187409,chrV,461601,462600,1000,+,187409,nhr-202
187410,chrV,458798,459797,1000,+,187410,nhr-203
178568,chrV,453010,454009,1000,+,178568,nhr-98
187411,chrV,450454,451453,1000,+,187411,nhr-123
187519,chrV,257982,258981,1000,-,187519,nhr-204
187520,chrV,4325435,4326434,1000,-,187520,nhr-125
187567,chrV,10081660,10082659,1000,-,187567,nhr-205
179403,chrV,10083998,10084997,1000,-,179403,nhr-12
187660,chrV,12091045,12092044,1000,+,187660,nhr-206
187661,chrV,12095215,12096214,1000,+,187661,nhr-207
187662,chrV,12093355,12094354,1000,+,187662,nhr-208
187663,chrV,12097369,12098368,1000,+,187663,nhr-209
187716,chrV,15370199,15371198,1000,-,187716,nhr-269
181783,chrX,17518942,17519941,1000,+,181783,nhr-1
187759,chrV,13942169,13943168,1000,-,187759,dpr-1
187822,chrV,533518,534517,1000,+,187822,nhr-132
187830,chrV,519300,520299,1000,-,187830,nhr-210
178573,chrV,531364,532363,1000,+,178573,nhr-58
187867,chrV,804743,805742,1000,-,187867,nhr-270
181102,chrX,8476124,8477123,1000,-,181102,nhr-14
187962,chrV,493635,494634,1000,+,187962,nhr-131
178571,chrV,488703,489702,1000,+,178571,nhr-106
187963,chrV,485991,486990,1000,+,187963,nhr-211
187964,chrV,483935,484934,1000,+,187964,nhr-212
178570,chrV,477163,478162,1000,+,178570,nhr-55
187965,chrV,483331,484330,1000,-,187965,nhr-130
188016,chrV,16580385,16581384,1000,-,188016,nhr-271
180560,chrX,2593090,2594089,1000,+,180560,nhr-40
178813,chrV,4130922,4131921,1000,+,178813,nhr-57
188172,chrV,15896746,15897745,1000,-,188172,nhr-213
180062,chrV,15876389,15877388,1000,-,180062,nhr-102
191731,chrV,15879549,15880548,1000,-,191731,nhr-84
188212,chrX,12697918,12698917,1000,-,188212,nhr-26
177618,chrIV,8236564,8237563,1000,-,177618,nhr-66
188325,chrV,5358210,5359209,1000,-,188325,nhr-216
188330,chrI,12340136,12341135,1000,+,188330,nhr-217
188451,chrII,4434379,4435378,1000,+,188451,nhr-273
173780,chrII,4432403,4433402,1000,+,173780,nhr-109
173781,chrII,4437912,4438911,1000,+,173781,nhr-16
188479,chrV,16257466,16258465,1000,+,188479,nhr-218
188480,chrV,16261275,16262274,1000,+,188480,nhr-127
191726,chrI,12385723,12386722,1000,-,191726,nhr-77
181403,chrX,12461572,12462571,1000,-,181403,odr-7
179276,chrV,8964078,8965077,1000,-,179276,nhr-44
172840,chrI,9881485,9882484,1000,-,172840,nhr-69
188828,chrV,3543442,3544441,1000,-,188828,nhr-222
188826,chrV,3535233,3536232,1000,-,188826,nhr-221
188934,chrV,15795368,15796367,1000,+,188934,nhr-223
180265,chrV,19211860,19212859,1000,-,180265,nhr-79
178707,chrV,2278147,2279146,1000,-,178707,nhr-59
188974,chrV,2290425,2291424,1000,-,188974,nhr-225
188975,chrV,2293917,2294916,1000,+,188975,nhr-226
188976,chrV,2284278,2285277,1000,+,188976,nhr-227
188977,chrV,2280875,2281874,1000,+,188977,nhr-228
175142,chrII,14818448,14819447,1000,-,175142,nhr-61
191732,chrI,13062091,13063090,1000,-,191732,nhr-85
190865,chrIV,1385162,1386161,1000,+,190865,nhr-41
191001,chrIV,17030560,17031559,1000,-,191001,nhr-229
181621,chrX,15308310,15309309,1000,+,181621,nhr-91
189442,chrV,18845788,18846787,1000,+,189442,nhr-230
180230,chrV,18838289,18839288,1000,+,180230,nhr-65
189445,chrV,18790035,18791034,1000,+,189445,nhr-231
179426,chrV,10255335,10256334,1000,+,179426,nhr-232
189569,chrV,16571320,16572319,1000,-,189569,nhr-233
189663,chrII,12635633,12636632,1000,+,189663,nhr-234
180254,chrV,19082540,19083539,1000,-,180254,nhr-95
178685,chrV,2066796,2067795,1000,-,178685,nhr-86
189825,chrIV,1645251,1646250,1000,-,189825,nhr-274
6418682,chrIV,1626233,1627232,1000,+,6418682,nhr-146
176972,chrIV,1623074,1624073,1000,+,176972,nhr-87
176971,chrIV,1619198,1620197,1000,+,176971,nhr-92
189821,chrIV,1612916,1613915,1000,+,189821,nhr-122
178821,chrV,4186195,4187194,1000,+,178821,nhr-114
178651,chrV,1624434,1625433,1000,-,178651,nhr-110
189970,chrV,1626819,1627818,1000,-,189970,nhr-237
189971,chrV,1629433,1630432,1000,-,189971,nhr-238
180217,chrV,18615581,18616580,1000,+,180217,nhr-70
190264,chrIII,2561203,2562202,1000,+,190264,nhr-239
189360,chrV,2267047,2268046,1000,-,189360,nhr-275
178696,chrV,2191500,2192499,1000,+,178696,nhr-13
172836,chrI,9838600,9839599,1000,+,172836,nhr-62
180115,chrV,16723806,16724805,1000,-,180115,nhr-112
190581,chrI,14040615,14041614,1000,+,190581,nhr-276
191717,chrIV,15399301,15400300,1000,+,191717,nhr-5
190741,chrV,18900498,18901497,1000,-,190741,nhr-243
190799,chrIV,2742005,2743004,1000,+,190799,nhr-277
177724,chrIV,9068995,9069994,1000,+,177724,nhr-11
191496,chrI,11476879,11477878,1000,+,191496,nhr-245
173033,chrI,11475610,11476609,1000,-,173033,nhr-113
191500,chrV,15322836,15323835,1000,+,191500,nhr-247
191718,chrIII,7094491,7095490,1000,+,191718,nhr-9
191322,chrX,11317303,11318302,1000,+,191322,nhr-33
178577,chrV,609552,610551,1000,+,178577,nhr-90
191329,chrV,599596,600595,1000,+,191329,nhr-251
191203,chrV,403620,404619,1000,+,191203,nhr-252
191205,chrV,395828,396827,1000,+,191205,nhr-253
191206,chrV,391648,392647,1000,+,191206,nhr-254
181661,chrX,15709009,15710008,1000,+,181661,nhr-48
191409,chrV,1742814,1743813,1000,+,191409,nhr-256
3565145,chrV,8968385,8969384,1000,-,3565145,nhr-219
189066,chrV,7093713,7094712,1000,-,189066,nhr-135
4363091,chrV,7091523,7092522,1000,-,4363091,nhr-286
175792,chrIII,5697303,5698302,1000,-,175792,B0336.7
173945,chrII,5593357,5594356,1000,-,173945,cdc-14
180853,chrX,5861722,5862721,1000,+,180853,ctbp-1
176308,chrIII,9292123,9293122,1000,+,176308,fozi-1
178915,chrV,5268474,5269473,1000,+,178915,B0238.11
174333,chrII,8328820,8329819,1000,-,174333,hel-1
174049,chrII,6343276,6344275,1000,+,174049,C32D5.1
174392,chrII,8703775,8704774,1000,+,174392,prx-5
175723,chrIII,5259669,5260668,1000,+,175723,gop-3
183460,chrIII,3765530,3766529,1000,-,183460,C44F1.1
3564865,chrX,1220025,1221024,1000,-,3564865,C46H3.2
173293,chrI,14231231,14232230,1000,-,173293,eya-1
181420,chrX,12842311,12843310,1000,+,181420,C52G5.2
184210,chrX,11299240,11300239,1000,+,184210,F08G12.3
174951,chrII,13056082,13057081,1000,+,174951,zyx-1
173591,chrII,2334942,2335941,1000,+,173591,F43C11.7
178064,chrIV,11403316,11404315,1000,-,178064,H02I12.5
181539,chrX,14340403,14341402,1000,-,181539,sel-7
173077,chrI,11946006,11947005,1000,+,173077,R06C1.6
176376,chrIII,9752791,9753790,1000,-,176376,ech-6
178666,chrV,1856258,1857257,1000,-,178666,T10B5.10
172897,chrI,10297300,10298299,1000,+,172897,T20F10.2
188843,chrIII,869851,870850,1000,-,188843,T24C4.2
189120,chrI,12538946,12539945,1000,-,189120,W02D9.4
174837,chrII,11979615,11980614,1000,-,174837,Y17G7B.20
176704,chrIII,12877477,12878476,1000,-,176704,cec-7
186391,chrV,103830,104829,1000,+,186391,F56E10.1
3564936,chrII,13874990,13875989,1000,+,3564936,ing-3
173765,chrII,4319857,4320856,1000,+,173765,Y52E8A.2
178305,chrIV,13400482,13401481,1000,-,178305,Y62E10A.14
171646,chrI,534811,535810,1000,+,171646,icd-2
176870,chrIV,425170,426169,1000,+,176870,Y66H1A.4
173536,chrII,1657284,1658283,1000,-,173536,ZC204.12
174521,chrII,9660357,9661356,1000,-,174521,ZK1320.3
gei-3,chrII,12813948,12814947,1000,-,none,gei-3
madf-7,chrI,5981589,5982588,1000,-,none,madf-7
190419,chrIV,5235522,5236521,1000,+,190419,tbx-30
190421,chrIV,5233876,5234875,1000,-,190421,tbx-42
190192,chrI,11969848,11970848,1001,-,190192,hsf-2
188304,chrV,14043374,14044373,1000,+,188304,T08G5.7
181882,chrV,20464487,20465486,1000,-,181882,B0250.4
191730,chrV,631155,632154,1000,+,191730,nhr-83
188618,chrV,4884320,4885319,1000,-,188618,nhr-220
191328,chrV,611781,612780,1000,+,191328,nhr-250
191202,chrV,407265,408264,1000,+,191202,nhr-278
